DateID,Date,Year,MonthNum,MonthName,Quarter,order_month
0,,,,Unknown,,Unknown
1,2014-01-01,2014,1,January,1,2014-01
2,2014-01-02,2014,1,January,1,2014-01
3,2014-01-03,2014,1,January,1,2014-01
4,2014-01-04,2014,1,January,1,2014-01
5,2014-01-05,2014,1,January,1,2014-01
6,2014-01-06,2014,1,January,1,2014-01
7,2014-01-07,2014,1,January,1,2014-01
8,2014-01-08,2014,1,January,1,2014-01
9,2014-01-09,2014,1,January,1,2014-01
10,2014-01-10,2014,1,January,1,2014-01
11,2014-01-11,2014,1,January,1,2014-01
12,2014-01-12,2014,1,January,1,2014-01
13,2014-01-13,2014,1,January,1,2014-01
14,2014-01-14,2014,1,January,1,2014-01
15,2014-01-15,2014,1,January,1,2014-01
16,2014-01-16,2014,1,January,1,2014-01
17,2014-01-17,2014,1,January,1,2014-01
18,2014-01-18,2014,1,January,1,2014-01
19,2014-01-19,2014,1,January,1,2014-01
20,2014-01-20,2014,1,January,1,2014-01
21,2014-01-21,2014,1,January,1,2014-01
22,2014-01-22,2014,1,January,1,2014-01
23,2014-01-23,2014,1,January,1,2014-01
24,2014-01-24,2014,1,January,1,2014-01
25,2014-01-25,2014,1,January,1,2014-01
26,2014-01-26,2014,1,January,1,2014-01
27,2014-01-27,2014,1,January,1,2014-01
28,2014-01-28,2014,1,January,1,2014-01
29,2014-01-29,2014,1,January,1,2014-01
30,2014-01-30,2014,1,January,1,2014-01
31,2014-01-31,2014,1,January,1,2014-01
32,2014-02-01,2014,2,February,1,2014-02
33,2014-02-02,2014,2,February,1,2014-02
34,2014-02-03,2014,2,February,1,2014-02
35,2014-02-04,2014,2,February,1,2014-02
36,2014-02-05,2014,2,February,1,2014-02
37,2014-02-06,2014,2,February,1,2014-02
38,2014-02-07,2014,2,February,1,2014-02
39,2014-02-08,2014,2,February,1,2014-02
40,2014-02-09,2014,2,February,1,2014-02
41,2014-02-10,2014,2,February,1,2014-02
42,2014-02-11,2014,2,February,1,2014-02
43,2014-02-12,2014,2,February,1,2014-02
44,2014-02-13,2014,2,February,1,2014-02
45,2014-02-14,2014,2,February,1,2014-02
46,2014-02-15,2014,2,February,1,2014-02
47,2014-02-16,2014,2,February,1,2014-02
48,2014-02-17,2014,2,February,1,2014-02
49,2014-02-18,2014,2,February,1,2014-02
50,2014-02-19,2014,2,February,1,2014-02
51,2014-02-20,2014,2,February,1,2014-02
52,2014-02-21,2014,2,February,1,2014-02
53,2014-02-22,2014,2,February,1,2014-02
54,2014-02-23,2014,2,February,1,2014-02
55,2014-02-24,2014,2,February,1,2014-02
56,2014-02-25,2014,2,February,1,2014-02
57,2014-02-26,2014,2,February,1,2014-02
58,2014-02-27,2014,2,February,1,2014-02
59,2014-02-28,2014,2,February,1,2014-02
60,2014-03-01,2014,3,March,1,2014-03
61,2014-03-02,2014,3,March,1,2014-03
62,2014-03-03,2014,3,March,1,2014-03
63,2014-03-04,2014,3,March,1,2014-03
64,2014-03-05,2014,3,March,1,2014-03
65,2014-03-06,2014,3,March,1,2014-03
66,2014-03-07,2014,3,March,1,2014-03
67,2014-03-08,2014,3,March,1,2014-03
68,2014-03-09,2014,3,March,1,2014-03
69,2014-03-10,2014,3,March,1,2014-03
70,2014-03-11,2014,3,March,1,2014-03
71,2014-03-12,2014,3,March,1,2014-03
72,2014-03-13,2014,3,March,1,2014-03
73,2014-03-14,2014,3,March,1,2014-03
74,2014-03-15,2014,3,March,1,2014-03
75,2014-03-16,2014,3,March,1,2014-03
76,2014-03-17,2014,3,March,1,2014-03
77,2014-03-18,2014,3,March,1,2014-03
78,2014-03-19,2014,3,March,1,2014-03
79,2014-03-20,2014,3,March,1,2014-03
80,2014-03-21,2014,3,March,1,2014-03
81,2014-03-22,2014,3,March,1,2014-03
82,2014-03-23,2014,3,March,1,2014-03
83,2014-03-24,2014,3,March,1,2014-03
84,2014-03-25,2014,3,March,1,2014-03
85,2014-03-26,2014,3,March,1,2014-03
86,2014-03-27,2014,3,March,1,2014-03
87,2014-03-28,2014,3,March,1,2014-03
88,2014-03-29,2014,3,March,1,2014-03
89,2014-03-30,2014,3,March,1,2014-03
90,2014-03-31,2014,3,March,1,2014-03
91,2014-04-01,2014,4,April,2,2014-04
92,2014-04-02,2014,4,April,2,2014-04
93,2014-04-03,2014,4,April,2,2014-04
94,2014-04-04,2014,4,April,2,2014-04
95,2014-04-05,2014,4,April,2,2014-04
96,2014-04-06,2014,4,April,2,2014-04
97,2014-04-07,2014,4,April,2,2014-04
98,2014-04-08,2014,4,April,2,2014-04
99,2014-04-09,2014,4,April,2,2014-04
100,2014-04-10,2014,4,April,2,2014-04
101,2014-04-11,2014,4,April,2,2014-04
102,2014-04-12,2014,4,April,2,2014-04
103,2014-04-13,2014,4,April,2,2014-04
104,2014-04-14,2014,4,April,2,2014-04
105,2014-04-15,2014,4,April,2,2014-04
106,2014-04-16,2014,4,April,2,2014-04
107,2014-04-17,2014,4,April,2,2014-04
108,2014-04-18,2014,4,April,2,2014-04
109,2014-04-19,2014,4,April,2,2014-04
110,2014-04-20,2014,4,April,2,2014-04
111,2014-04-21,2014,4,April,2,2014-04
112,2014-04-22,2014,4,April,2,2014-04
113,2014-04-23,2014,4,April,2,2014-04
114,2014-04-24,2014,4,April,2,2014-04
115,2014-04-25,2014,4,April,2,2014-04
116,2014-04-26,2014,4,April,2,2014-04
117,2014-04-27,2014,4,April,2,2014-04
118,2014-04-28,2014,4,April,2,2014-04
119,2014-04-29,2014,4,April,2,2014-04
120,2014-04-30,2014,4,April,2,2014-04
121,2014-05-01,2014,5,May,2,2014-05
122,2014-05-02,2014,5,May,2,2014-05
123,2014-05-03,2014,5,May,2,2014-05
124,2014-05-04,2014,5,May,2,2014-05
125,2014-05-05,2014,5,May,2,2014-05
126,2014-05-06,2014,5,May,2,2014-05
127,2014-05-07,2014,5,May,2,2014-05
128,2014-05-08,2014,5,May,2,2014-05
129,2014-05-09,2014,5,May,2,2014-05
130,2014-05-10,2014,5,May,2,2014-05
131,2014-05-11,2014,5,May,2,2014-05
132,2014-05-12,2014,5,May,2,2014-05
133,2014-05-13,2014,5,May,2,2014-05
134,2014-05-14,2014,5,May,2,2014-05
135,2014-05-15,2014,5,May,2,2014-05
136,2014-05-16,2014,5,May,2,2014-05
137,2014-05-17,2014,5,May,2,2014-05
138,2014-05-18,2014,5,May,2,2014-05
139,2014-05-19,2014,5,May,2,2014-05
140,2014-05-20,2014,5,May,2,2014-05
141,2014-05-21,2014,5,May,2,2014-05
142,2014-05-22,2014,5,May,2,2014-05
143,2014-05-23,2014,5,May,2,2014-05
144,2014-05-24,2014,5,May,2,2014-05
145,2014-05-25,2014,5,May,2,2014-05
146,2014-05-26,2014,5,May,2,2014-05
147,2014-05-27,2014,5,May,2,2014-05
148,2014-05-28,2014,5,May,2,2014-05
149,2014-05-29,2014,5,May,2,2014-05
150,2014-05-30,2014,5,May,2,2014-05
151,2014-05-31,2014,5,May,2,2014-05
152,2014-06-01,2014,6,June,2,2014-06
153,2014-06-02,2014,6,June,2,2014-06
154,2014-06-03,2014,6,June,2,2014-06
155,2014-06-04,2014,6,June,2,2014-06
156,2014-06-05,2014,6,June,2,2014-06
157,2014-06-06,2014,6,June,2,2014-06
158,2014-06-07,2014,6,June,2,2014-06
159,2014-06-08,2014,6,June,2,2014-06
160,2014-06-09,2014,6,June,2,2014-06
161,2014-06-10,2014,6,June,2,2014-06
162,2014-06-11,2014,6,June,2,2014-06
163,2014-06-12,2014,6,June,2,2014-06
164,2014-06-13,2014,6,June,2,2014-06
165,2014-06-14,2014,6,June,2,2014-06
166,2014-06-15,2014,6,June,2,2014-06
167,2014-06-16,2014,6,June,2,2014-06
168,2014-06-17,2014,6,June,2,2014-06
169,2014-06-18,2014,6,June,2,2014-06
170,2014-06-19,2014,6,June,2,2014-06
171,2014-06-20,2014,6,June,2,2014-06
172,2014-06-21,2014,6,June,2,2014-06
173,2014-06-22,2014,6,June,2,2014-06
174,2014-06-23,2014,6,June,2,2014-06
175,2014-06-24,2014,6,June,2,2014-06
176,2014-06-25,2014,6,June,2,2014-06
177,2014-06-26,2014,6,June,2,2014-06
178,2014-06-27,2014,6,June,2,2014-06
179,2014-06-28,2014,6,June,2,2014-06
180,2014-06-29,2014,6,June,2,2014-06
181,2014-06-30,2014,6,June,2,2014-06
182,2014-07-01,2014,7,July,3,2014-07
183,2014-07-02,2014,7,July,3,2014-07
184,2014-07-03,2014,7,July,3,2014-07
185,2014-07-04,2014,7,July,3,2014-07
186,2014-07-05,2014,7,July,3,2014-07
187,2014-07-06,2014,7,July,3,2014-07
188,2014-07-07,2014,7,July,3,2014-07
189,2014-07-08,2014,7,July,3,2014-07
190,2014-07-09,2014,7,July,3,2014-07
191,2014-07-10,2014,7,July,3,2014-07
192,2014-07-11,2014,7,July,3,2014-07
193,2014-07-12,2014,7,July,3,2014-07
194,2014-07-13,2014,7,July,3,2014-07
195,2014-07-14,2014,7,July,3,2014-07
196,2014-07-15,2014,7,July,3,2014-07
197,2014-07-16,2014,7,July,3,2014-07
198,2014-07-17,2014,7,July,3,2014-07
199,2014-07-18,2014,7,July,3,2014-07
200,2014-07-19,2014,7,July,3,2014-07
201,2014-07-20,2014,7,July,3,2014-07
202,2014-07-21,2014,7,July,3,2014-07
203,2014-07-22,2014,7,July,3,2014-07
204,2014-07-23,2014,7,July,3,2014-07
205,2014-07-24,2014,7,July,3,2014-07
206,2014-07-25,2014,7,July,3,2014-07
207,2014-07-26,2014,7,July,3,2014-07
208,2014-07-27,2014,7,July,3,2014-07
209,2014-07-28,2014,7,July,3,2014-07
210,2014-07-29,2014,7,July,3,2014-07
211,2014-07-30,2014,7,July,3,2014-07
212,2014-07-31,2014,7,July,3,2014-07
213,2014-08-01,2014,8,August,3,2014-08
214,2014-08-02,2014,8,August,3,2014-08
215,2014-08-03,2014,8,August,3,2014-08
216,2014-08-04,2014,8,August,3,2014-08
217,2014-08-05,2014,8,August,3,2014-08
218,2014-08-06,2014,8,August,3,2014-08
219,2014-08-07,2014,8,August,3,2014-08
220,2014-08-08,2014,8,August,3,2014-08
221,2014-08-09,2014,8,August,3,2014-08
222,2014-08-10,2014,8,August,3,2014-08
223,2014-08-11,2014,8,August,3,2014-08
224,2014-08-12,2014,8,August,3,2014-08
225,2014-08-13,2014,8,August,3,2014-08
226,2014-08-14,2014,8,August,3,2014-08
227,2014-08-15,2014,8,August,3,2014-08
228,2014-08-16,2014,8,August,3,2014-08
229,2014-08-17,2014,8,August,3,2014-08
230,2014-08-18,2014,8,August,3,2014-08
231,2014-08-19,2014,8,August,3,2014-08
232,2014-08-20,2014,8,August,3,2014-08
233,2014-08-21,2014,8,August,3,2014-08
234,2014-08-22,2014,8,August,3,2014-08
235,2014-08-23,2014,8,August,3,2014-08
236,2014-08-24,2014,8,August,3,2014-08
237,2014-08-25,2014,8,August,3,2014-08
238,2014-08-26,2014,8,August,3,2014-08
239,2014-08-27,2014,8,August,3,2014-08
240,2014-08-28,2014,8,August,3,2014-08
241,2014-08-29,2014,8,August,3,2014-08
242,2014-08-30,2014,8,August,3,2014-08
243,2014-08-31,2014,8,August,3,2014-08
244,2014-09-01,2014,9,September,3,2014-09
245,2014-09-02,2014,9,September,3,2014-09
246,2014-09-03,2014,9,September,3,2014-09
247,2014-09-04,2014,9,September,3,2014-09
248,2014-09-05,2014,9,September,3,2014-09
249,2014-09-06,2014,9,September,3,2014-09
250,2014-09-07,2014,9,September,3,2014-09
251,2014-09-08,2014,9,September,3,2014-09
252,2014-09-09,2014,9,September,3,2014-09
253,2014-09-10,2014,9,September,3,2014-09
254,2014-09-11,2014,9,September,3,2014-09
255,2014-09-12,2014,9,September,3,2014-09
256,2014-09-13,2014,9,September,3,2014-09
257,2014-09-14,2014,9,September,3,2014-09
258,2014-09-15,2014,9,September,3,2014-09
259,2014-09-16,2014,9,September,3,2014-09
260,2014-09-17,2014,9,September,3,2014-09
261,2014-09-18,2014,9,September,3,2014-09
262,2014-09-19,2014,9,September,3,2014-09
263,2014-09-20,2014,9,September,3,2014-09
264,2014-09-21,2014,9,September,3,2014-09
265,2014-09-22,2014,9,September,3,2014-09
266,2014-09-23,2014,9,September,3,2014-09
267,2014-09-24,2014,9,September,3,2014-09
268,2014-09-25,2014,9,September,3,2014-09
269,2014-09-26,2014,9,September,3,2014-09
270,2014-09-27,2014,9,September,3,2014-09
271,2014-09-28,2014,9,September,3,2014-09
272,2014-09-29,2014,9,September,3,2014-09
273,2014-09-30,2014,9,September,3,2014-09
274,2014-10-01,2014,10,October,4,2014-10
275,2014-10-02,2014,10,October,4,2014-10
276,2014-10-03,2014,10,October,4,2014-10
277,2014-10-04,2014,10,October,4,2014-10
278,2014-10-05,2014,10,October,4,2014-10
279,2014-10-06,2014,10,October,4,2014-10
280,2014-10-07,2014,10,October,4,2014-10
281,2014-10-08,2014,10,October,4,2014-10
282,2014-10-09,2014,10,October,4,2014-10
283,2014-10-10,2014,10,October,4,2014-10
284,2014-10-11,2014,10,October,4,2014-10
285,2014-10-12,2014,10,October,4,2014-10
286,2014-10-13,2014,10,October,4,2014-10
287,2014-10-14,2014,10,October,4,2014-10
288,2014-10-15,2014,10,October,4,2014-10
289,2014-10-16,2014,10,October,4,2014-10
290,2014-10-17,2014,10,October,4,2014-10
291,2014-10-18,2014,10,October,4,2014-10
292,2014-10-19,2014,10,October,4,2014-10
293,2014-10-20,2014,10,October,4,2014-10
294,2014-10-21,2014,10,October,4,2014-10
295,2014-10-22,2014,10,October,4,2014-10
296,2014-10-23,2014,10,October,4,2014-10
297,2014-10-24,2014,10,October,4,2014-10
298,2014-10-25,2014,10,October,4,2014-10
299,2014-10-26,2014,10,October,4,2014-10
300,2014-10-27,2014,10,October,4,2014-10
301,2014-10-28,2014,10,October,4,2014-10
302,2014-10-29,2014,10,October,4,2014-10
303,2014-10-30,2014,10,October,4,2014-10
304,2014-10-31,2014,10,October,4,2014-10
305,2014-11-01,2014,11,November,4,2014-11
306,2014-11-02,2014,11,November,4,2014-11
307,2014-11-03,2014,11,November,4,2014-11
308,2014-11-04,2014,11,November,4,2014-11
309,2014-11-05,2014,11,November,4,2014-11
310,2014-11-06,2014,11,November,4,2014-11
311,2014-11-07,2014,11,November,4,2014-11
312,2014-11-08,2014,11,November,4,2014-11
313,2014-11-09,2014,11,November,4,2014-11
314,2014-11-10,2014,11,November,4,2014-11
315,2014-11-11,2014,11,November,4,2014-11
316,2014-11-12,2014,11,November,4,2014-11
317,2014-11-13,2014,11,November,4,2014-11
318,2014-11-14,2014,11,November,4,2014-11
319,2014-11-15,2014,11,November,4,2014-11
320,2014-11-16,2014,11,November,4,2014-11
321,2014-11-17,2014,11,November,4,2014-11
322,2014-11-18,2014,11,November,4,2014-11
323,2014-11-19,2014,11,November,4,2014-11
324,2014-11-20,2014,11,November,4,2014-11
325,2014-11-21,2014,11,November,4,2014-11
326,2014-11-22,2014,11,November,4,2014-11
327,2014-11-23,2014,11,November,4,2014-11
328,2014-11-24,2014,11,November,4,2014-11
329,2014-11-25,2014,11,November,4,2014-11
330,2014-11-26,2014,11,November,4,2014-11
331,2014-11-27,2014,11,November,4,2014-11
332,2014-11-28,2014,11,November,4,2014-11
333,2014-11-29,2014,11,November,4,2014-11
334,2014-11-30,2014,11,November,4,2014-11
335,2014-12-01,2014,12,December,4,2014-12
336,2014-12-02,2014,12,December,4,2014-12
337,2014-12-03,2014,12,December,4,2014-12
338,2014-12-04,2014,12,December,4,2014-12
339,2014-12-05,2014,12,December,4,2014-12
340,2014-12-06,2014,12,December,4,2014-12
341,2014-12-07,2014,12,December,4,2014-12
342,2014-12-08,2014,12,December,4,2014-12
343,2014-12-09,2014,12,December,4,2014-12
344,2014-12-10,2014,12,December,4,2014-12
345,2014-12-11,2014,12,December,4,2014-12
346,2014-12-12,2014,12,December,4,2014-12
347,2014-12-13,2014,12,December,4,2014-12
348,2014-12-14,2014,12,December,4,2014-12
349,2014-12-15,2014,12,December,4,2014-12
350,2014-12-16,2014,12,December,4,2014-12
351,2014-12-17,2014,12,December,4,2014-12
352,2014-12-18,2014,12,December,4,2014-12
353,2014-12-19,2014,12,December,4,2014-12
354,2014-12-20,2014,12,December,4,2014-12
355,2014-12-21,2014,12,December,4,2014-12
356,2014-12-22,2014,12,December,4,2014-12
357,2014-12-23,2014,12,December,4,2014-12
358,2014-12-24,2014,12,December,4,2014-12
359,2014-12-25,2014,12,December,4,2014-12
360,2014-12-26,2014,12,December,4,2014-12
361,2014-12-27,2014,12,December,4,2014-12
362,2014-12-28,2014,12,December,4,2014-12
363,2014-12-29,2014,12,December,4,2014-12
364,2014-12-30,2014,12,December,4,2014-12
365,2014-12-31,2014,12,December,4,2014-12
366,2015-01-01,2015,1,January,1,2015-01
367,2015-01-02,2015,1,January,1,2015-01
368,2015-01-03,2015,1,January,1,2015-01
369,2015-01-04,2015,1,January,1,2015-01
370,2015-01-05,2015,1,January,1,2015-01
371,2015-01-06,2015,1,January,1,2015-01
372,2015-01-07,2015,1,January,1,2015-01
373,2015-01-08,2015,1,January,1,2015-01
374,2015-01-09,2015,1,January,1,2015-01
375,2015-01-10,2015,1,January,1,2015-01
376,2015-01-11,2015,1,January,1,2015-01
377,2015-01-12,2015,1,January,1,2015-01
378,2015-01-13,2015,1,January,1,2015-01
379,2015-01-14,2015,1,January,1,2015-01
380,2015-01-15,2015,1,January,1,2015-01
381,2015-01-16,2015,1,January,1,2015-01
382,2015-01-17,2015,1,January,1,2015-01
383,2015-01-18,2015,1,January,1,2015-01
384,2015-01-19,2015,1,January,1,2015-01
385,2015-01-20,2015,1,January,1,2015-01
386,2015-01-21,2015,1,January,1,2015-01
387,2015-01-22,2015,1,January,1,2015-01
388,2015-01-23,2015,1,January,1,2015-01
389,2015-01-24,2015,1,January,1,2015-01
390,2015-01-25,2015,1,January,1,2015-01
391,2015-01-26,2015,1,January,1,2015-01
392,2015-01-27,2015,1,January,1,2015-01
393,2015-01-28,2015,1,January,1,2015-01
394,2015-01-29,2015,1,January,1,2015-01
395,2015-01-30,2015,1,January,1,2015-01
396,2015-01-31,2015,1,January,1,2015-01
397,2015-02-01,2015,2,February,1,2015-02
398,2015-02-02,2015,2,February,1,2015-02
399,2015-02-03,2015,2,February,1,2015-02
400,2015-02-04,2015,2,February,1,2015-02
401,2015-02-05,2015,2,February,1,2015-02
402,2015-02-06,2015,2,February,1,2015-02
403,2015-02-07,2015,2,February,1,2015-02
404,2015-02-08,2015,2,February,1,2015-02
405,2015-02-09,2015,2,February,1,2015-02
406,2015-02-10,2015,2,February,1,2015-02
407,2015-02-11,2015,2,February,1,2015-02
408,2015-02-12,2015,2,February,1,2015-02
409,2015-02-13,2015,2,February,1,2015-02
410,2015-02-14,2015,2,February,1,2015-02
411,2015-02-15,2015,2,February,1,2015-02
412,2015-02-16,2015,2,February,1,2015-02
413,2015-02-17,2015,2,February,1,2015-02
414,2015-02-18,2015,2,February,1,2015-02
415,2015-02-19,2015,2,February,1,2015-02
416,2015-02-20,2015,2,February,1,2015-02
417,2015-02-21,2015,2,February,1,2015-02
418,2015-02-22,2015,2,February,1,2015-02
419,2015-02-23,2015,2,February,1,2015-02
420,2015-02-24,2015,2,February,1,2015-02
421,2015-02-25,2015,2,February,1,2015-02
422,2015-02-26,2015,2,February,1,2015-02
423,2015-02-27,2015,2,February,1,2015-02
424,2015-02-28,2015,2,February,1,2015-02
425,2015-03-01,2015,3,March,1,2015-03
426,2015-03-02,2015,3,March,1,2015-03
427,2015-03-03,2015,3,March,1,2015-03
428,2015-03-04,2015,3,March,1,2015-03
429,2015-03-05,2015,3,March,1,2015-03
430,2015-03-06,2015,3,March,1,2015-03
431,2015-03-07,2015,3,March,1,2015-03
432,2015-03-08,2015,3,March,1,2015-03
433,2015-03-09,2015,3,March,1,2015-03
434,2015-03-10,2015,3,March,1,2015-03
435,2015-03-11,2015,3,March,1,2015-03
436,2015-03-12,2015,3,March,1,2015-03
437,2015-03-13,2015,3,March,1,2015-03
438,2015-03-14,2015,3,March,1,2015-03
439,2015-03-15,2015,3,March,1,2015-03
440,2015-03-16,2015,3,March,1,2015-03
441,2015-03-17,2015,3,March,1,2015-03
442,2015-03-18,2015,3,March,1,2015-03
443,2015-03-19,2015,3,March,1,2015-03
444,2015-03-20,2015,3,March,1,2015-03
445,2015-03-21,2015,3,March,1,2015-03
446,2015-03-22,2015,3,March,1,2015-03
447,2015-03-23,2015,3,March,1,2015-03
448,2015-03-24,2015,3,March,1,2015-03
449,2015-03-25,2015,3,March,1,2015-03
450,2015-03-26,2015,3,March,1,2015-03
451,2015-03-27,2015,3,March,1,2015-03
452,2015-03-28,2015,3,March,1,2015-03
453,2015-03-29,2015,3,March,1,2015-03
454,2015-03-30,2015,3,March,1,2015-03
455,2015-03-31,2015,3,March,1,2015-03
456,2015-04-01,2015,4,April,2,2015-04
457,2015-04-02,2015,4,April,2,2015-04
458,2015-04-03,2015,4,April,2,2015-04
459,2015-04-04,2015,4,April,2,2015-04
460,2015-04-05,2015,4,April,2,2015-04
461,2015-04-06,2015,4,April,2,2015-04
462,2015-04-07,2015,4,April,2,2015-04
463,2015-04-08,2015,4,April,2,2015-04
464,2015-04-09,2015,4,April,2,2015-04
465,2015-04-10,2015,4,April,2,2015-04
466,2015-04-11,2015,4,April,2,2015-04
467,2015-04-12,2015,4,April,2,2015-04
468,2015-04-13,2015,4,April,2,2015-04
469,2015-04-14,2015,4,April,2,2015-04
470,2015-04-15,2015,4,April,2,2015-04
471,2015-04-16,2015,4,April,2,2015-04
472,2015-04-17,2015,4,April,2,2015-04
473,2015-04-18,2015,4,April,2,2015-04
474,2015-04-19,2015,4,April,2,2015-04
475,2015-04-20,2015,4,April,2,2015-04
476,2015-04-21,2015,4,April,2,2015-04
477,2015-04-22,2015,4,April,2,2015-04
478,2015-04-23,2015,4,April,2,2015-04
479,2015-04-24,2015,4,April,2,2015-04
480,2015-04-25,2015,4,April,2,2015-04
481,2015-04-26,2015,4,April,2,2015-04
482,2015-04-27,2015,4,April,2,2015-04
483,2015-04-28,2015,4,April,2,2015-04
484,2015-04-29,2015,4,April,2,2015-04
485,2015-04-30,2015,4,April,2,2015-04
486,2015-05-01,2015,5,May,2,2015-05
487,2015-05-02,2015,5,May,2,2015-05
488,2015-05-03,2015,5,May,2,2015-05
489,2015-05-04,2015,5,May,2,2015-05
490,2015-05-05,2015,5,May,2,2015-05
491,2015-05-06,2015,5,May,2,2015-05
492,2015-05-07,2015,5,May,2,2015-05
493,2015-05-08,2015,5,May,2,2015-05
494,2015-05-09,2015,5,May,2,2015-05
495,2015-05-10,2015,5,May,2,2015-05
496,2015-05-11,2015,5,May,2,2015-05
497,2015-05-12,2015,5,May,2,2015-05
498,2015-05-13,2015,5,May,2,2015-05
499,2015-05-14,2015,5,May,2,2015-05
500,2015-05-15,2015,5,May,2,2015-05
501,2015-05-16,2015,5,May,2,2015-05
502,2015-05-17,2015,5,May,2,2015-05
503,2015-05-18,2015,5,May,2,2015-05
504,2015-05-19,2015,5,May,2,2015-05
505,2015-05-20,2015,5,May,2,2015-05
506,2015-05-21,2015,5,May,2,2015-05
507,2015-05-22,2015,5,May,2,2015-05
508,2015-05-23,2015,5,May,2,2015-05
509,2015-05-24,2015,5,May,2,2015-05
510,2015-05-25,2015,5,May,2,2015-05
511,2015-05-26,2015,5,May,2,2015-05
512,2015-05-27,2015,5,May,2,2015-05
513,2015-05-28,2015,5,May,2,2015-05
514,2015-05-29,2015,5,May,2,2015-05
515,2015-05-30,2015,5,May,2,2015-05
516,2015-05-31,2015,5,May,2,2015-05
517,2015-06-01,2015,6,June,2,2015-06
518,2015-06-02,2015,6,June,2,2015-06
519,2015-06-03,2015,6,June,2,2015-06
520,2015-06-04,2015,6,June,2,2015-06
521,2015-06-05,2015,6,June,2,2015-06
522,2015-06-06,2015,6,June,2,2015-06
523,2015-06-07,2015,6,June,2,2015-06
524,2015-06-08,2015,6,June,2,2015-06
525,2015-06-09,2015,6,June,2,2015-06
526,2015-06-10,2015,6,June,2,2015-06
527,2015-06-11,2015,6,June,2,2015-06
528,2015-06-12,2015,6,June,2,2015-06
529,2015-06-13,2015,6,June,2,2015-06
530,2015-06-14,2015,6,June,2,2015-06
531,2015-06-15,2015,6,June,2,2015-06
532,2015-06-16,2015,6,June,2,2015-06
533,2015-06-17,2015,6,June,2,2015-06
534,2015-06-18,2015,6,June,2,2015-06
535,2015-06-19,2015,6,June,2,2015-06
536,2015-06-20,2015,6,June,2,2015-06
537,2015-06-21,2015,6,June,2,2015-06
538,2015-06-22,2015,6,June,2,2015-06
539,2015-06-23,2015,6,June,2,2015-06
540,2015-06-24,2015,6,June,2,2015-06
541,2015-06-25,2015,6,June,2,2015-06
542,2015-06-26,2015,6,June,2,2015-06
543,2015-06-27,2015,6,June,2,2015-06
544,2015-06-28,2015,6,June,2,2015-06
545,2015-06-29,2015,6,June,2,2015-06
546,2015-06-30,2015,6,June,2,2015-06
547,2015-07-01,2015,7,July,3,2015-07
548,2015-07-02,2015,7,July,3,2015-07
549,2015-07-03,2015,7,July,3,2015-07
550,2015-07-04,2015,7,July,3,2015-07
551,2015-07-05,2015,7,July,3,2015-07
552,2015-07-06,2015,7,July,3,2015-07
553,2015-07-07,2015,7,July,3,2015-07
554,2015-07-08,2015,7,July,3,2015-07
555,2015-07-09,2015,7,July,3,2015-07
556,2015-07-10,2015,7,July,3,2015-07
557,2015-07-11,2015,7,July,3,2015-07
558,2015-07-12,2015,7,July,3,2015-07
559,2015-07-13,2015,7,July,3,2015-07
560,2015-07-14,2015,7,July,3,2015-07
561,2015-07-15,2015,7,July,3,2015-07
562,2015-07-16,2015,7,July,3,2015-07
563,2015-07-17,2015,7,July,3,2015-07
564,2015-07-18,2015,7,July,3,2015-07
565,2015-07-19,2015,7,July,3,2015-07
566,2015-07-20,2015,7,July,3,2015-07
567,2015-07-21,2015,7,July,3,2015-07
568,2015-07-22,2015,7,July,3,2015-07
569,2015-07-23,2015,7,July,3,2015-07
570,2015-07-24,2015,7,July,3,2015-07
571,2015-07-25,2015,7,July,3,2015-07
572,2015-07-26,2015,7,July,3,2015-07
573,2015-07-27,2015,7,July,3,2015-07
574,2015-07-28,2015,7,July,3,2015-07
575,2015-07-29,2015,7,July,3,2015-07
576,2015-07-30,2015,7,July,3,2015-07
577,2015-07-31,2015,7,July,3,2015-07
578,2015-08-01,2015,8,August,3,2015-08
579,2015-08-02,2015,8,August,3,2015-08
580,2015-08-03,2015,8,August,3,2015-08
581,2015-08-04,2015,8,August,3,2015-08
582,2015-08-05,2015,8,August,3,2015-08
583,2015-08-06,2015,8,August,3,2015-08
584,2015-08-07,2015,8,August,3,2015-08
585,2015-08-08,2015,8,August,3,2015-08
586,2015-08-09,2015,8,August,3,2015-08
587,2015-08-10,2015,8,August,3,2015-08
588,2015-08-11,2015,8,August,3,2015-08
589,2015-08-12,2015,8,August,3,2015-08
590,2015-08-13,2015,8,August,3,2015-08
591,2015-08-14,2015,8,August,3,2015-08
592,2015-08-15,2015,8,August,3,2015-08
593,2015-08-16,2015,8,August,3,2015-08
594,2015-08-17,2015,8,August,3,2015-08
595,2015-08-18,2015,8,August,3,2015-08
596,2015-08-19,2015,8,August,3,2015-08
597,2015-08-20,2015,8,August,3,2015-08
598,2015-08-21,2015,8,August,3,2015-08
599,2015-08-22,2015,8,August,3,2015-08
600,2015-08-23,2015,8,August,3,2015-08
601,2015-08-24,2015,8,August,3,2015-08
602,2015-08-25,2015,8,August,3,2015-08
603,2015-08-26,2015,8,August,3,2015-08
604,2015-08-27,2015,8,August,3,2015-08
605,2015-08-28,2015,8,August,3,2015-08
606,2015-08-29,2015,8,August,3,2015-08
607,2015-08-30,2015,8,August,3,2015-08
608,2015-08-31,2015,8,August,3,2015-08
609,2015-09-01,2015,9,September,3,2015-09
610,2015-09-02,2015,9,September,3,2015-09
611,2015-09-03,2015,9,September,3,2015-09
612,2015-09-04,2015,9,September,3,2015-09
613,2015-09-05,2015,9,September,3,2015-09
614,2015-09-06,2015,9,September,3,2015-09
615,2015-09-07,2015,9,September,3,2015-09
616,2015-09-08,2015,9,September,3,2015-09
617,2015-09-09,2015,9,September,3,2015-09
618,2015-09-10,2015,9,September,3,2015-09
619,2015-09-11,2015,9,September,3,2015-09
620,2015-09-12,2015,9,September,3,2015-09
621,2015-09-13,2015,9,September,3,2015-09
622,2015-09-14,2015,9,September,3,2015-09
623,2015-09-15,2015,9,September,3,2015-09
624,2015-09-16,2015,9,September,3,2015-09
625,2015-09-17,2015,9,September,3,2015-09
626,2015-09-18,2015,9,September,3,2015-09
627,2015-09-19,2015,9,September,3,2015-09
628,2015-09-20,2015,9,September,3,2015-09
629,2015-09-21,2015,9,September,3,2015-09
630,2015-09-22,2015,9,September,3,2015-09
631,2015-09-23,2015,9,September,3,2015-09
632,2015-09-24,2015,9,September,3,2015-09
633,2015-09-25,2015,9,September,3,2015-09
634,2015-09-26,2015,9,September,3,2015-09
635,2015-09-27,2015,9,September,3,2015-09
636,2015-09-28,2015,9,September,3,2015-09
637,2015-09-29,2015,9,September,3,2015-09
638,2015-09-30,2015,9,September,3,2015-09
639,2015-10-01,2015,10,October,4,2015-10
640,2015-10-02,2015,10,October,4,2015-10
641,2015-10-03,2015,10,October,4,2015-10
642,2015-10-04,2015,10,October,4,2015-10
643,2015-10-05,2015,10,October,4,2015-10
644,2015-10-06,2015,10,October,4,2015-10
645,2015-10-07,2015,10,October,4,2015-10
646,2015-10-08,2015,10,October,4,2015-10
647,2015-10-09,2015,10,October,4,2015-10
648,2015-10-10,2015,10,October,4,2015-10
649,2015-10-11,2015,10,October,4,2015-10
650,2015-10-12,2015,10,October,4,2015-10
651,2015-10-13,2015,10,October,4,2015-10
652,2015-10-14,2015,10,October,4,2015-10
653,2015-10-15,2015,10,October,4,2015-10
654,2015-10-16,2015,10,October,4,2015-10
655,2015-10-17,2015,10,October,4,2015-10
656,2015-10-18,2015,10,October,4,2015-10
657,2015-10-19,2015,10,October,4,2015-10
658,2015-10-20,2015,10,October,4,2015-10
659,2015-10-21,2015,10,October,4,2015-10
660,2015-10-22,2015,10,October,4,2015-10
661,2015-10-23,2015,10,October,4,2015-10
662,2015-10-24,2015,10,October,4,2015-10
663,2015-10-25,2015,10,October,4,2015-10
664,2015-10-26,2015,10,October,4,2015-10
665,2015-10-27,2015,10,October,4,2015-10
666,2015-10-28,2015,10,October,4,2015-10
667,2015-10-29,2015,10,October,4,2015-10
668,2015-10-30,2015,10,October,4,2015-10
669,2015-10-31,2015,10,October,4,2015-10
670,2015-11-01,2015,11,November,4,2015-11
671,2015-11-02,2015,11,November,4,2015-11
672,2015-11-03,2015,11,November,4,2015-11
673,2015-11-04,2015,11,November,4,2015-11
674,2015-11-05,2015,11,November,4,2015-11
675,2015-11-06,2015,11,November,4,2015-11
676,2015-11-07,2015,11,November,4,2015-11
677,2015-11-08,2015,11,November,4,2015-11
678,2015-11-09,2015,11,November,4,2015-11
679,2015-11-10,2015,11,November,4,2015-11
680,2015-11-11,2015,11,November,4,2015-11
681,2015-11-12,2015,11,November,4,2015-11
682,2015-11-13,2015,11,November,4,2015-11
683,2015-11-14,2015,11,November,4,2015-11
684,2015-11-15,2015,11,November,4,2015-11
685,2015-11-16,2015,11,November,4,2015-11
686,2015-11-17,2015,11,November,4,2015-11
687,2015-11-18,2015,11,November,4,2015-11
688,2015-11-19,2015,11,November,4,2015-11
689,2015-11-20,2015,11,November,4,2015-11
690,2015-11-21,2015,11,November,4,2015-11
691,2015-11-22,2015,11,November,4,2015-11
692,2015-11-23,2015,11,November,4,2015-11
693,2015-11-24,2015,11,November,4,2015-11
694,2015-11-25,2015,11,November,4,2015-11
695,2015-11-26,2015,11,November,4,2015-11
696,2015-11-27,2015,11,November,4,2015-11
697,2015-11-28,2015,11,November,4,2015-11
698,2015-11-29,2015,11,November,4,2015-11
699,2015-11-30,2015,11,November,4,2015-11
700,2015-12-01,2015,12,December,4,2015-12
701,2015-12-02,2015,12,December,4,2015-12
702,2015-12-03,2015,12,December,4,2015-12
703,2015-12-04,2015,12,December,4,2015-12
704,2015-12-05,2015,12,December,4,2015-12
705,2015-12-06,2015,12,December,4,2015-12
706,2015-12-07,2015,12,December,4,2015-12
707,2015-12-08,2015,12,December,4,2015-12
708,2015-12-09,2015,12,December,4,2015-12
709,2015-12-10,2015,12,December,4,2015-12
710,2015-12-11,2015,12,December,4,2015-12
711,2015-12-12,2015,12,December,4,2015-12
712,2015-12-13,2015,12,December,4,2015-12
713,2015-12-14,2015,12,December,4,2015-12
714,2015-12-15,2015,12,December,4,2015-12
715,2015-12-16,2015,12,December,4,2015-12
716,2015-12-17,2015,12,December,4,2015-12
717,2015-12-18,2015,12,December,4,2015-12
718,2015-12-19,2015,12,December,4,2015-12
719,2015-12-20,2015,12,December,4,2015-12
720,2015-12-21,2015,12,December,4,2015-12
721,2015-12-22,2015,12,December,4,2015-12
722,2015-12-23,2015,12,December,4,2015-12
723,2015-12-24,2015,12,December,4,2015-12
724,2015-12-25,2015,12,December,4,2015-12
725,2015-12-26,2015,12,December,4,2015-12
726,2015-12-27,2015,12,December,4,2015-12
727,2015-12-28,2015,12,December,4,2015-12
728,2015-12-29,2015,12,December,4,2015-12
729,2015-12-30,2015,12,December,4,2015-12
730,2015-12-31,2015,12,December,4,2015-12
731,2016-01-01,2016,1,January,1,2016-01
732,2016-01-02,2016,1,January,1,2016-01
733,2016-01-03,2016,1,January,1,2016-01
734,2016-01-04,2016,1,January,1,2016-01
735,2016-01-05,2016,1,January,1,2016-01
736,2016-01-06,2016,1,January,1,2016-01
737,2016-01-07,2016,1,January,1,2016-01
738,2016-01-08,2016,1,January,1,2016-01
739,2016-01-09,2016,1,January,1,2016-01
740,2016-01-10,2016,1,January,1,2016-01
741,2016-01-11,2016,1,January,1,2016-01
742,2016-01-12,2016,1,January,1,2016-01
743,2016-01-13,2016,1,January,1,2016-01
744,2016-01-14,2016,1,January,1,2016-01
745,2016-01-15,2016,1,January,1,2016-01
746,2016-01-16,2016,1,January,1,2016-01
747,2016-01-17,2016,1,January,1,2016-01
748,2016-01-18,2016,1,January,1,2016-01
749,2016-01-19,2016,1,January,1,2016-01
750,2016-01-20,2016,1,January,1,2016-01
751,2016-01-21,2016,1,January,1,2016-01
752,2016-01-22,2016,1,January,1,2016-01
753,2016-01-23,2016,1,January,1,2016-01
754,2016-01-24,2016,1,January,1,2016-01
755,2016-01-25,2016,1,January,1,2016-01
756,2016-01-26,2016,1,January,1,2016-01
757,2016-01-27,2016,1,January,1,2016-01
758,2016-01-28,2016,1,January,1,2016-01
759,2016-01-29,2016,1,January,1,2016-01
760,2016-01-30,2016,1,January,1,2016-01
761,2016-01-31,2016,1,January,1,2016-01
762,2016-02-01,2016,2,February,1,2016-02
763,2016-02-02,2016,2,February,1,2016-02
764,2016-02-03,2016,2,February,1,2016-02
765,2016-02-04,2016,2,February,1,2016-02
766,2016-02-05,2016,2,February,1,2016-02
767,2016-02-06,2016,2,February,1,2016-02
768,2016-02-07,2016,2,February,1,2016-02
769,2016-02-08,2016,2,February,1,2016-02
770,2016-02-09,2016,2,February,1,2016-02
771,2016-02-10,2016,2,February,1,2016-02
772,2016-02-11,2016,2,February,1,2016-02
773,2016-02-12,2016,2,February,1,2016-02
774,2016-02-13,2016,2,February,1,2016-02
775,2016-02-14,2016,2,February,1,2016-02
776,2016-02-15,2016,2,February,1,2016-02
777,2016-02-16,2016,2,February,1,2016-02
778,2016-02-17,2016,2,February,1,2016-02
779,2016-02-18,2016,2,February,1,2016-02
780,2016-02-19,2016,2,February,1,2016-02
781,2016-02-20,2016,2,February,1,2016-02
782,2016-02-21,2016,2,February,1,2016-02
783,2016-02-22,2016,2,February,1,2016-02
784,2016-02-23,2016,2,February,1,2016-02
785,2016-02-24,2016,2,February,1,2016-02
786,2016-02-25,2016,2,February,1,2016-02
787,2016-02-26,2016,2,February,1,2016-02
788,2016-02-27,2016,2,February,1,2016-02
789,2016-02-28,2016,2,February,1,2016-02
790,2016-02-29,2016,2,February,1,2016-02
791,2016-03-01,2016,3,March,1,2016-03
792,2016-03-02,2016,3,March,1,2016-03
793,2016-03-03,2016,3,March,1,2016-03
794,2016-03-04,2016,3,March,1,2016-03
795,2016-03-05,2016,3,March,1,2016-03
796,2016-03-06,2016,3,March,1,2016-03
797,2016-03-07,2016,3,March,1,2016-03
798,2016-03-08,2016,3,March,1,2016-03
799,2016-03-09,2016,3,March,1,2016-03
800,2016-03-10,2016,3,March,1,2016-03
801,2016-03-11,2016,3,March,1,2016-03
802,2016-03-12,2016,3,March,1,2016-03
803,2016-03-13,2016,3,March,1,2016-03
804,2016-03-14,2016,3,March,1,2016-03
805,2016-03-15,2016,3,March,1,2016-03
806,2016-03-16,2016,3,March,1,2016-03
807,2016-03-17,2016,3,March,1,2016-03
808,2016-03-18,2016,3,March,1,2016-03
809,2016-03-19,2016,3,March,1,2016-03
810,2016-03-20,2016,3,March,1,2016-03
811,2016-03-21,2016,3,March,1,2016-03
812,2016-03-22,2016,3,March,1,2016-03
813,2016-03-23,2016,3,March,1,2016-03
814,2016-03-24,2016,3,March,1,2016-03
815,2016-03-25,2016,3,March,1,2016-03
816,2016-03-26,2016,3,March,1,2016-03
817,2016-03-27,2016,3,March,1,2016-03
818,2016-03-28,2016,3,March,1,2016-03
819,2016-03-29,2016,3,March,1,2016-03
820,2016-03-30,2016,3,March,1,2016-03
821,2016-03-31,2016,3,March,1,2016-03
822,2016-04-01,2016,4,April,2,2016-04
823,2016-04-02,2016,4,April,2,2016-04
824,2016-04-03,2016,4,April,2,2016-04
825,2016-04-04,2016,4,April,2,2016-04
826,2016-04-05,2016,4,April,2,2016-04
827,2016-04-06,2016,4,April,2,2016-04
828,2016-04-07,2016,4,April,2,2016-04
829,2016-04-08,2016,4,April,2,2016-04
830,2016-04-09,2016,4,April,2,2016-04
831,2016-04-10,2016,4,April,2,2016-04
832,2016-04-11,2016,4,April,2,2016-04
833,2016-04-12,2016,4,April,2,2016-04
834,2016-04-13,2016,4,April,2,2016-04
835,2016-04-14,2016,4,April,2,2016-04
836,2016-04-15,2016,4,April,2,2016-04
837,2016-04-16,2016,4,April,2,2016-04
838,2016-04-17,2016,4,April,2,2016-04
839,2016-04-18,2016,4,April,2,2016-04
840,2016-04-19,2016,4,April,2,2016-04
841,2016-04-20,2016,4,April,2,2016-04
842,2016-04-21,2016,4,April,2,2016-04
843,2016-04-22,2016,4,April,2,2016-04
844,2016-04-23,2016,4,April,2,2016-04
845,2016-04-24,2016,4,April,2,2016-04
846,2016-04-25,2016,4,April,2,2016-04
847,2016-04-26,2016,4,April,2,2016-04
848,2016-04-27,2016,4,April,2,2016-04
849,2016-04-28,2016,4,April,2,2016-04
850,2016-04-29,2016,4,April,2,2016-04
851,2016-04-30,2016,4,April,2,2016-04
852,2016-05-01,2016,5,May,2,2016-05
853,2016-05-02,2016,5,May,2,2016-05
854,2016-05-03,2016,5,May,2,2016-05
855,2016-05-04,2016,5,May,2,2016-05
856,2016-05-05,2016,5,May,2,2016-05
857,2016-05-06,2016,5,May,2,2016-05
858,2016-05-07,2016,5,May,2,2016-05
859,2016-05-08,2016,5,May,2,2016-05
860,2016-05-09,2016,5,May,2,2016-05
861,2016-05-10,2016,5,May,2,2016-05
862,2016-05-11,2016,5,May,2,2016-05
863,2016-05-12,2016,5,May,2,2016-05
864,2016-05-13,2016,5,May,2,2016-05
865,2016-05-14,2016,5,May,2,2016-05
866,2016-05-15,2016,5,May,2,2016-05
867,2016-05-16,2016,5,May,2,2016-05
868,2016-05-17,2016,5,May,2,2016-05
869,2016-05-18,2016,5,May,2,2016-05
870,2016-05-19,2016,5,May,2,2016-05
871,2016-05-20,2016,5,May,2,2016-05
872,2016-05-21,2016,5,May,2,2016-05
873,2016-05-22,2016,5,May,2,2016-05
874,2016-05-23,2016,5,May,2,2016-05
875,2016-05-24,2016,5,May,2,2016-05
876,2016-05-25,2016,5,May,2,2016-05
877,2016-05-26,2016,5,May,2,2016-05
878,2016-05-27,2016,5,May,2,2016-05
879,2016-05-28,2016,5,May,2,2016-05
880,2016-05-29,2016,5,May,2,2016-05
881,2016-05-30,2016,5,May,2,2016-05
882,2016-05-31,2016,5,May,2,2016-05
883,2016-06-01,2016,6,June,2,2016-06
884,2016-06-02,2016,6,June,2,2016-06
885,2016-06-03,2016,6,June,2,2016-06
886,2016-06-04,2016,6,June,2,2016-06
887,2016-06-05,2016,6,June,2,2016-06
888,2016-06-06,2016,6,June,2,2016-06
889,2016-06-07,2016,6,June,2,2016-06
890,2016-06-08,2016,6,June,2,2016-06
891,2016-06-09,2016,6,June,2,2016-06
892,2016-06-10,2016,6,June,2,2016-06
893,2016-06-11,2016,6,June,2,2016-06
894,2016-06-12,2016,6,June,2,2016-06
895,2016-06-13,2016,6,June,2,2016-06
896,2016-06-14,2016,6,June,2,2016-06
897,2016-06-15,2016,6,June,2,2016-06
898,2016-06-16,2016,6,June,2,2016-06
899,2016-06-17,2016,6,June,2,2016-06
900,2016-06-18,2016,6,June,2,2016-06
901,2016-06-19,2016,6,June,2,2016-06
902,2016-06-20,2016,6,June,2,2016-06
903,2016-06-21,2016,6,June,2,2016-06
904,2016-06-22,2016,6,June,2,2016-06
905,2016-06-23,2016,6,June,2,2016-06
906,2016-06-24,2016,6,June,2,2016-06
907,2016-06-25,2016,6,June,2,2016-06
908,2016-06-26,2016,6,June,2,2016-06
909,2016-06-27,2016,6,June,2,2016-06
910,2016-06-28,2016,6,June,2,2016-06
911,2016-06-29,2016,6,June,2,2016-06
912,2016-06-30,2016,6,June,2,2016-06
913,2016-07-01,2016,7,July,3,2016-07
914,2016-07-02,2016,7,July,3,2016-07
915,2016-07-03,2016,7,July,3,2016-07
916,2016-07-04,2016,7,July,3,2016-07
917,2016-07-05,2016,7,July,3,2016-07
918,2016-07-06,2016,7,July,3,2016-07
919,2016-07-07,2016,7,July,3,2016-07
920,2016-07-08,2016,7,July,3,2016-07
921,2016-07-09,2016,7,July,3,2016-07
922,2016-07-10,2016,7,July,3,2016-07
923,2016-07-11,2016,7,July,3,2016-07
924,2016-07-12,2016,7,July,3,2016-07
925,2016-07-13,2016,7,July,3,2016-07
926,2016-07-14,2016,7,July,3,2016-07
927,2016-07-15,2016,7,July,3,2016-07
928,2016-07-16,2016,7,July,3,2016-07
929,2016-07-17,2016,7,July,3,2016-07
930,2016-07-18,2016,7,July,3,2016-07
931,2016-07-19,2016,7,July,3,2016-07
932,2016-07-20,2016,7,July,3,2016-07
933,2016-07-21,2016,7,July,3,2016-07
934,2016-07-22,2016,7,July,3,2016-07
935,2016-07-23,2016,7,July,3,2016-07
936,2016-07-24,2016,7,July,3,2016-07
937,2016-07-25,2016,7,July,3,2016-07
938,2016-07-26,2016,7,July,3,2016-07
939,2016-07-27,2016,7,July,3,2016-07
940,2016-07-28,2016,7,July,3,2016-07
941,2016-07-29,2016,7,July,3,2016-07
942,2016-07-30,2016,7,July,3,2016-07
943,2016-07-31,2016,7,July,3,2016-07
944,2016-08-01,2016,8,August,3,2016-08
945,2016-08-02,2016,8,August,3,2016-08
946,2016-08-03,2016,8,August,3,2016-08
947,2016-08-04,2016,8,August,3,2016-08
948,2016-08-05,2016,8,August,3,2016-08
949,2016-08-06,2016,8,August,3,2016-08
950,2016-08-07,2016,8,August,3,2016-08
951,2016-08-08,2016,8,August,3,2016-08
952,2016-08-09,2016,8,August,3,2016-08
953,2016-08-10,2016,8,August,3,2016-08
954,2016-08-11,2016,8,August,3,2016-08
955,2016-08-12,2016,8,August,3,2016-08
956,2016-08-13,2016,8,August,3,2016-08
957,2016-08-14,2016,8,August,3,2016-08
958,2016-08-15,2016,8,August,3,2016-08
959,2016-08-16,2016,8,August,3,2016-08
960,2016-08-17,2016,8,August,3,2016-08
961,2016-08-18,2016,8,August,3,2016-08
962,2016-08-19,2016,8,August,3,2016-08
963,2016-08-20,2016,8,August,3,2016-08
964,2016-08-21,2016,8,August,3,2016-08
965,2016-08-22,2016,8,August,3,2016-08
966,2016-08-23,2016,8,August,3,2016-08
967,2016-08-24,2016,8,August,3,2016-08
968,2016-08-25,2016,8,August,3,2016-08
969,2016-08-26,2016,8,August,3,2016-08
970,2016-08-27,2016,8,August,3,2016-08
971,2016-08-28,2016,8,August,3,2016-08
972,2016-08-29,2016,8,August,3,2016-08
973,2016-08-30,2016,8,August,3,2016-08
974,2016-08-31,2016,8,August,3,2016-08
975,2016-09-01,2016,9,September,3,2016-09
976,2016-09-02,2016,9,September,3,2016-09
977,2016-09-03,2016,9,September,3,2016-09
978,2016-09-04,2016,9,September,3,2016-09
979,2016-09-05,2016,9,September,3,2016-09
980,2016-09-06,2016,9,September,3,2016-09
981,2016-09-07,2016,9,September,3,2016-09
982,2016-09-08,2016,9,September,3,2016-09
983,2016-09-09,2016,9,September,3,2016-09
984,2016-09-10,2016,9,September,3,2016-09
985,2016-09-11,2016,9,September,3,2016-09
986,2016-09-12,2016,9,September,3,2016-09
987,2016-09-13,2016,9,September,3,2016-09
988,2016-09-14,2016,9,September,3,2016-09
989,2016-09-15,2016,9,September,3,2016-09
990,2016-09-16,2016,9,September,3,2016-09
991,2016-09-17,2016,9,September,3,2016-09
992,2016-09-18,2016,9,September,3,2016-09
993,2016-09-19,2016,9,September,3,2016-09
994,2016-09-20,2016,9,September,3,2016-09
995,2016-09-21,2016,9,September,3,2016-09
996,2016-09-22,2016,9,September,3,2016-09
997,2016-09-23,2016,9,September,3,2016-09
998,2016-09-24,2016,9,September,3,2016-09
999,2016-09-25,2016,9,September,3,2016-09
1000,2016-09-26,2016,9,September,3,2016-09
1001,2016-09-27,2016,9,September,3,2016-09
1002,2016-09-28,2016,9,September,3,2016-09
1003,2016-09-29,2016,9,September,3,2016-09
1004,2016-09-30,2016,9,September,3,2016-09
1005,2016-10-01,2016,10,October,4,2016-10
1006,2016-10-02,2016,10,October,4,2016-10
1007,2016-10-03,2016,10,October,4,2016-10
1008,2016-10-04,2016,10,October,4,2016-10
1009,2016-10-05,2016,10,October,4,2016-10
1010,2016-10-06,2016,10,October,4,2016-10
1011,2016-10-07,2016,10,October,4,2016-10
1012,2016-10-08,2016,10,October,4,2016-10
1013,2016-10-09,2016,10,October,4,2016-10
1014,2016-10-10,2016,10,October,4,2016-10
1015,2016-10-11,2016,10,October,4,2016-10
1016,2016-10-12,2016,10,October,4,2016-10
1017,2016-10-13,2016,10,October,4,2016-10
1018,2016-10-14,2016,10,October,4,2016-10
1019,2016-10-15,2016,10,October,4,2016-10
1020,2016-10-16,2016,10,October,4,2016-10
1021,2016-10-17,2016,10,October,4,2016-10
1022,2016-10-18,2016,10,October,4,2016-10
1023,2016-10-19,2016,10,October,4,2016-10
1024,2016-10-20,2016,10,October,4,2016-10
1025,2016-10-21,2016,10,October,4,2016-10
1026,2016-10-22,2016,10,October,4,2016-10
1027,2016-10-23,2016,10,October,4,2016-10
1028,2016-10-24,2016,10,October,4,2016-10
1029,2016-10-25,2016,10,October,4,2016-10
1030,2016-10-26,2016,10,October,4,2016-10
1031,2016-10-27,2016,10,October,4,2016-10
1032,2016-10-28,2016,10,October,4,2016-10
1033,2016-10-29,2016,10,October,4,2016-10
1034,2016-10-30,2016,10,October,4,2016-10
1035,2016-10-31,2016,10,October,4,2016-10
1036,2016-11-01,2016,11,November,4,2016-11
1037,2016-11-02,2016,11,November,4,2016-11
1038,2016-11-03,2016,11,November,4,2016-11
1039,2016-11-04,2016,11,November,4,2016-11
1040,2016-11-05,2016,11,November,4,2016-11
1041,2016-11-06,2016,11,November,4,2016-11
1042,2016-11-07,2016,11,November,4,2016-11
1043,2016-11-08,2016,11,November,4,2016-11
1044,2016-11-09,2016,11,November,4,2016-11
1045,2016-11-10,2016,11,November,4,2016-11
1046,2016-11-11,2016,11,November,4,2016-11
1047,2016-11-12,2016,11,November,4,2016-11
1048,2016-11-13,2016,11,November,4,2016-11
1049,2016-11-14,2016,11,November,4,2016-11
1050,2016-11-15,2016,11,November,4,2016-11
1051,2016-11-16,2016,11,November,4,2016-11
1052,2016-11-17,2016,11,November,4,2016-11
1053,2016-11-18,2016,11,November,4,2016-11
1054,2016-11-19,2016,11,November,4,2016-11
1055,2016-11-20,2016,11,November,4,2016-11
1056,2016-11-21,2016,11,November,4,2016-11
1057,2016-11-22,2016,11,November,4,2016-11
1058,2016-11-23,2016,11,November,4,2016-11
1059,2016-11-24,2016,11,November,4,2016-11
1060,2016-11-25,2016,11,November,4,2016-11
1061,2016-11-26,2016,11,November,4,2016-11
1062,2016-11-27,2016,11,November,4,2016-11
1063,2016-11-28,2016,11,November,4,2016-11
1064,2016-11-29,2016,11,November,4,2016-11
1065,2016-11-30,2016,11,November,4,2016-11
1066,2016-12-01,2016,12,December,4,2016-12
1067,2016-12-02,2016,12,December,4,2016-12
1068,2016-12-03,2016,12,December,4,2016-12
1069,2016-12-04,2016,12,December,4,2016-12
1070,2016-12-05,2016,12,December,4,2016-12
1071,2016-12-06,2016,12,December,4,2016-12
1072,2016-12-07,2016,12,December,4,2016-12
1073,2016-12-08,2016,12,December,4,2016-12
1074,2016-12-09,2016,12,December,4,2016-12
1075,2016-12-10,2016,12,December,4,2016-12
1076,2016-12-11,2016,12,December,4,2016-12
1077,2016-12-12,2016,12,December,4,2016-12
1078,2016-12-13,2016,12,December,4,2016-12
1079,2016-12-14,2016,12,December,4,2016-12
1080,2016-12-15,2016,12,December,4,2016-12
1081,2016-12-16,2016,12,December,4,2016-12
1082,2016-12-17,2016,12,December,4,2016-12
1083,2016-12-18,2016,12,December,4,2016-12
1084,2016-12-19,2016,12,December,4,2016-12
1085,2016-12-20,2016,12,December,4,2016-12
1086,2016-12-21,2016,12,December,4,2016-12
1087,2016-12-22,2016,12,December,4,2016-12
1088,2016-12-23,2016,12,December,4,2016-12
1089,2016-12-24,2016,12,December,4,2016-12
1090,2016-12-25,2016,12,December,4,2016-12
1091,2016-12-26,2016,12,December,4,2016-12
1092,2016-12-27,2016,12,December,4,2016-12
1093,2016-12-28,2016,12,December,4,2016-12
1094,2016-12-29,2016,12,December,4,2016-12
1095,2016-12-30,2016,12,December,4,2016-12
1096,2016-12-31,2016,12,December,4,2016-12
1097,2017-01-01,2017,1,January,1,2017-01
1098,2017-01-02,2017,1,January,1,2017-01
1099,2017-01-03,2017,1,January,1,2017-01
1100,2017-01-04,2017,1,January,1,2017-01
1101,2017-01-05,2017,1,January,1,2017-01
1102,2017-01-06,2017,1,January,1,2017-01
1103,2017-01-07,2017,1,January,1,2017-01
1104,2017-01-08,2017,1,January,1,2017-01
1105,2017-01-09,2017,1,January,1,2017-01
1106,2017-01-10,2017,1,January,1,2017-01
1107,2017-01-11,2017,1,January,1,2017-01
1108,2017-01-12,2017,1,January,1,2017-01
1109,2017-01-13,2017,1,January,1,2017-01
1110,2017-01-14,2017,1,January,1,2017-01
1111,2017-01-15,2017,1,January,1,2017-01
1112,2017-01-16,2017,1,January,1,2017-01
1113,2017-01-17,2017,1,January,1,2017-01
1114,2017-01-18,2017,1,January,1,2017-01
1115,2017-01-19,2017,1,January,1,2017-01
1116,2017-01-20,2017,1,January,1,2017-01
1117,2017-01-21,2017,1,January,1,2017-01
1118,2017-01-22,2017,1,January,1,2017-01
1119,2017-01-23,2017,1,January,1,2017-01
1120,2017-01-24,2017,1,January,1,2017-01
1121,2017-01-25,2017,1,January,1,2017-01
1122,2017-01-26,2017,1,January,1,2017-01
1123,2017-01-27,2017,1,January,1,2017-01
1124,2017-01-28,2017,1,January,1,2017-01
1125,2017-01-29,2017,1,January,1,2017-01
1126,2017-01-30,2017,1,January,1,2017-01
1127,2017-01-31,2017,1,January,1,2017-01
1128,2017-02-01,2017,2,February,1,2017-02
1129,2017-02-02,2017,2,February,1,2017-02
1130,2017-02-03,2017,2,February,1,2017-02
1131,2017-02-04,2017,2,February,1,2017-02
1132,2017-02-05,2017,2,February,1,2017-02
1133,2017-02-06,2017,2,February,1,2017-02
1134,2017-02-07,2017,2,February,1,2017-02
1135,2017-02-08,2017,2,February,1,2017-02
1136,2017-02-09,2017,2,February,1,2017-02
1137,2017-02-10,2017,2,February,1,2017-02
1138,2017-02-11,2017,2,February,1,2017-02
1139,2017-02-12,2017,2,February,1,2017-02
1140,2017-02-13,2017,2,February,1,2017-02
1141,2017-02-14,2017,2,February,1,2017-02
1142,2017-02-15,2017,2,February,1,2017-02
1143,2017-02-16,2017,2,February,1,2017-02
1144,2017-02-17,2017,2,February,1,2017-02
1145,2017-02-18,2017,2,February,1,2017-02
1146,2017-02-19,2017,2,February,1,2017-02
1147,2017-02-20,2017,2,February,1,2017-02
1148,2017-02-21,2017,2,February,1,2017-02
1149,2017-02-22,2017,2,February,1,2017-02
1150,2017-02-23,2017,2,February,1,2017-02
1151,2017-02-24,2017,2,February,1,2017-02
1152,2017-02-25,2017,2,February,1,2017-02
1153,2017-02-26,2017,2,February,1,2017-02
1154,2017-02-27,2017,2,February,1,2017-02
1155,2017-02-28,2017,2,February,1,2017-02
1156,2017-03-01,2017,3,March,1,2017-03
1157,2017-03-02,2017,3,March,1,2017-03
1158,2017-03-03,2017,3,March,1,2017-03
1159,2017-03-04,2017,3,March,1,2017-03
1160,2017-03-05,2017,3,March,1,2017-03
1161,2017-03-06,2017,3,March,1,2017-03
1162,2017-03-07,2017,3,March,1,2017-03
1163,2017-03-08,2017,3,March,1,2017-03
1164,2017-03-09,2017,3,March,1,2017-03
1165,2017-03-10,2017,3,March,1,2017-03
1166,2017-03-11,2017,3,March,1,2017-03
1167,2017-03-12,2017,3,March,1,2017-03
1168,2017-03-13,2017,3,March,1,2017-03
1169,2017-03-14,2017,3,March,1,2017-03
1170,2017-03-15,2017,3,March,1,2017-03
1171,2017-03-16,2017,3,March,1,2017-03
1172,2017-03-17,2017,3,March,1,2017-03
1173,2017-03-18,2017,3,March,1,2017-03
1174,2017-03-19,2017,3,March,1,2017-03
1175,2017-03-20,2017,3,March,1,2017-03
1176,2017-03-21,2017,3,March,1,2017-03
1177,2017-03-22,2017,3,March,1,2017-03
1178,2017-03-23,2017,3,March,1,2017-03
1179,2017-03-24,2017,3,March,1,2017-03
1180,2017-03-25,2017,3,March,1,2017-03
1181,2017-03-26,2017,3,March,1,2017-03
1182,2017-03-27,2017,3,March,1,2017-03
1183,2017-03-28,2017,3,March,1,2017-03
1184,2017-03-29,2017,3,March,1,2017-03
1185,2017-03-30,2017,3,March,1,2017-03
1186,2017-03-31,2017,3,March,1,2017-03
1187,2017-04-01,2017,4,April,2,2017-04
1188,2017-04-02,2017,4,April,2,2017-04
1189,2017-04-03,2017,4,April,2,2017-04
1190,2017-04-04,2017,4,April,2,2017-04
1191,2017-04-05,2017,4,April,2,2017-04
1192,2017-04-06,2017,4,April,2,2017-04
1193,2017-04-07,2017,4,April,2,2017-04
1194,2017-04-08,2017,4,April,2,2017-04
1195,2017-04-09,2017,4,April,2,2017-04
1196,2017-04-10,2017,4,April,2,2017-04
1197,2017-04-11,2017,4,April,2,2017-04
1198,2017-04-12,2017,4,April,2,2017-04
1199,2017-04-13,2017,4,April,2,2017-04
1200,2017-04-14,2017,4,April,2,2017-04
1201,2017-04-15,2017,4,April,2,2017-04
1202,2017-04-16,2017,4,April,2,2017-04
1203,2017-04-17,2017,4,April,2,2017-04
1204,2017-04-18,2017,4,April,2,2017-04
1205,2017-04-19,2017,4,April,2,2017-04
1206,2017-04-20,2017,4,April,2,2017-04
1207,2017-04-21,2017,4,April,2,2017-04
1208,2017-04-22,2017,4,April,2,2017-04
1209,2017-04-23,2017,4,April,2,2017-04
1210,2017-04-24,2017,4,April,2,2017-04
1211,2017-04-25,2017,4,April,2,2017-04
1212,2017-04-26,2017,4,April,2,2017-04
1213,2017-04-27,2017,4,April,2,2017-04
1214,2017-04-28,2017,4,April,2,2017-04
1215,2017-04-29,2017,4,April,2,2017-04
1216,2017-04-30,2017,4,April,2,2017-04
1217,2017-05-01,2017,5,May,2,2017-05
1218,2017-05-02,2017,5,May,2,2017-05
1219,2017-05-03,2017,5,May,2,2017-05
1220,2017-05-04,2017,5,May,2,2017-05
1221,2017-05-05,2017,5,May,2,2017-05
1222,2017-05-06,2017,5,May,2,2017-05
1223,2017-05-07,2017,5,May,2,2017-05
1224,2017-05-08,2017,5,May,2,2017-05
1225,2017-05-09,2017,5,May,2,2017-05
1226,2017-05-10,2017,5,May,2,2017-05
1227,2017-05-11,2017,5,May,2,2017-05
1228,2017-05-12,2017,5,May,2,2017-05
1229,2017-05-13,2017,5,May,2,2017-05
1230,2017-05-14,2017,5,May,2,2017-05
1231,2017-05-15,2017,5,May,2,2017-05
1232,2017-05-16,2017,5,May,2,2017-05
1233,2017-05-17,2017,5,May,2,2017-05
1234,2017-05-18,2017,5,May,2,2017-05
1235,2017-05-19,2017,5,May,2,2017-05
1236,2017-05-20,2017,5,May,2,2017-05
1237,2017-05-21,2017,5,May,2,2017-05
1238,2017-05-22,2017,5,May,2,2017-05
1239,2017-05-23,2017,5,May,2,2017-05
1240,2017-05-24,2017,5,May,2,2017-05
1241,2017-05-25,2017,5,May,2,2017-05
1242,2017-05-26,2017,5,May,2,2017-05
1243,2017-05-27,2017,5,May,2,2017-05
1244,2017-05-28,2017,5,May,2,2017-05
1245,2017-05-29,2017,5,May,2,2017-05
1246,2017-05-30,2017,5,May,2,2017-05
1247,2017-05-31,2017,5,May,2,2017-05
1248,2017-06-01,2017,6,June,2,2017-06
1249,2017-06-02,2017,6,June,2,2017-06
1250,2017-06-03,2017,6,June,2,2017-06
1251,2017-06-04,2017,6,June,2,2017-06
1252,2017-06-05,2017,6,June,2,2017-06
1253,2017-06-06,2017,6,June,2,2017-06
1254,2017-06-07,2017,6,June,2,2017-06
1255,2017-06-08,2017,6,June,2,2017-06
1256,2017-06-09,2017,6,June,2,2017-06
1257,2017-06-10,2017,6,June,2,2017-06
1258,2017-06-11,2017,6,June,2,2017-06
1259,2017-06-12,2017,6,June,2,2017-06
1260,2017-06-13,2017,6,June,2,2017-06
1261,2017-06-14,2017,6,June,2,2017-06
1262,2017-06-15,2017,6,June,2,2017-06
1263,2017-06-16,2017,6,June,2,2017-06
1264,2017-06-17,2017,6,June,2,2017-06
1265,2017-06-18,2017,6,June,2,2017-06
1266,2017-06-19,2017,6,June,2,2017-06
1267,2017-06-20,2017,6,June,2,2017-06
1268,2017-06-21,2017,6,June,2,2017-06
1269,2017-06-22,2017,6,June,2,2017-06
1270,2017-06-23,2017,6,June,2,2017-06
1271,2017-06-24,2017,6,June,2,2017-06
1272,2017-06-25,2017,6,June,2,2017-06
1273,2017-06-26,2017,6,June,2,2017-06
1274,2017-06-27,2017,6,June,2,2017-06
1275,2017-06-28,2017,6,June,2,2017-06
1276,2017-06-29,2017,6,June,2,2017-06
1277,2017-06-30,2017,6,June,2,2017-06
1278,2017-07-01,2017,7,July,3,2017-07
1279,2017-07-02,2017,7,July,3,2017-07
1280,2017-07-03,2017,7,July,3,2017-07
1281,2017-07-04,2017,7,July,3,2017-07
1282,2017-07-05,2017,7,July,3,2017-07
1283,2017-07-06,2017,7,July,3,2017-07
1284,2017-07-07,2017,7,July,3,2017-07
1285,2017-07-08,2017,7,July,3,2017-07
1286,2017-07-09,2017,7,July,3,2017-07
1287,2017-07-10,2017,7,July,3,2017-07
1288,2017-07-11,2017,7,July,3,2017-07
1289,2017-07-12,2017,7,July,3,2017-07
1290,2017-07-13,2017,7,July,3,2017-07
1291,2017-07-14,2017,7,July,3,2017-07
1292,2017-07-15,2017,7,July,3,2017-07
1293,2017-07-16,2017,7,July,3,2017-07
1294,2017-07-17,2017,7,July,3,2017-07
1295,2017-07-18,2017,7,July,3,2017-07
1296,2017-07-19,2017,7,July,3,2017-07
1297,2017-07-20,2017,7,July,3,2017-07
1298,2017-07-21,2017,7,July,3,2017-07
1299,2017-07-22,2017,7,July,3,2017-07
1300,2017-07-23,2017,7,July,3,2017-07
1301,2017-07-24,2017,7,July,3,2017-07
1302,2017-07-25,2017,7,July,3,2017-07
1303,2017-07-26,2017,7,July,3,2017-07
1304,2017-07-27,2017,7,July,3,2017-07
1305,2017-07-28,2017,7,July,3,2017-07
1306,2017-07-29,2017,7,July,3,2017-07
1307,2017-07-30,2017,7,July,3,2017-07
1308,2017-07-31,2017,7,July,3,2017-07
1309,2017-08-01,2017,8,August,3,2017-08
1310,2017-08-02,2017,8,August,3,2017-08
1311,2017-08-03,2017,8,August,3,2017-08
1312,2017-08-04,2017,8,August,3,2017-08
1313,2017-08-05,2017,8,August,3,2017-08
1314,2017-08-06,2017,8,August,3,2017-08
1315,2017-08-07,2017,8,August,3,2017-08
1316,2017-08-08,2017,8,August,3,2017-08
1317,2017-08-09,2017,8,August,3,2017-08
1318,2017-08-10,2017,8,August,3,2017-08
1319,2017-08-11,2017,8,August,3,2017-08
1320,2017-08-12,2017,8,August,3,2017-08
1321,2017-08-13,2017,8,August,3,2017-08
1322,2017-08-14,2017,8,August,3,2017-08
1323,2017-08-15,2017,8,August,3,2017-08
1324,2017-08-16,2017,8,August,3,2017-08
1325,2017-08-17,2017,8,August,3,2017-08
1326,2017-08-18,2017,8,August,3,2017-08
1327,2017-08-19,2017,8,August,3,2017-08
1328,2017-08-20,2017,8,August,3,2017-08
1329,2017-08-21,2017,8,August,3,2017-08
1330,2017-08-22,2017,8,August,3,2017-08
1331,2017-08-23,2017,8,August,3,2017-08
1332,2017-08-24,2017,8,August,3,2017-08
1333,2017-08-25,2017,8,August,3,2017-08
1334,2017-08-26,2017,8,August,3,2017-08
1335,2017-08-27,2017,8,August,3,2017-08
1336,2017-08-28,2017,8,August,3,2017-08
1337,2017-08-29,2017,8,August,3,2017-08
1338,2017-08-30,2017,8,August,3,2017-08
1339,2017-08-31,2017,8,August,3,2017-08
1340,2017-09-01,2017,9,September,3,2017-09
1341,2017-09-02,2017,9,September,3,2017-09
1342,2017-09-03,2017,9,September,3,2017-09
1343,2017-09-04,2017,9,September,3,2017-09
1344,2017-09-05,2017,9,September,3,2017-09
1345,2017-09-06,2017,9,September,3,2017-09
1346,2017-09-07,2017,9,September,3,2017-09
1347,2017-09-08,2017,9,September,3,2017-09
1348,2017-09-09,2017,9,September,3,2017-09
1349,2017-09-10,2017,9,September,3,2017-09
1350,2017-09-11,2017,9,September,3,2017-09
1351,2017-09-12,2017,9,September,3,2017-09
1352,2017-09-13,2017,9,September,3,2017-09
1353,2017-09-14,2017,9,September,3,2017-09
1354,2017-09-15,2017,9,September,3,2017-09
1355,2017-09-16,2017,9,September,3,2017-09
1356,2017-09-17,2017,9,September,3,2017-09
1357,2017-09-18,2017,9,September,3,2017-09
1358,2017-09-19,2017,9,September,3,2017-09
1359,2017-09-20,2017,9,September,3,2017-09
1360,2017-09-21,2017,9,September,3,2017-09
1361,2017-09-22,2017,9,September,3,2017-09
1362,2017-09-23,2017,9,September,3,2017-09
1363,2017-09-24,2017,9,September,3,2017-09
1364,2017-09-25,2017,9,September,3,2017-09
1365,2017-09-26,2017,9,September,3,2017-09
1366,2017-09-27,2017,9,September,3,2017-09
1367,2017-09-28,2017,9,September,3,2017-09
1368,2017-09-29,2017,9,September,3,2017-09
1369,2017-09-30,2017,9,September,3,2017-09
1370,2017-10-01,2017,10,October,4,2017-10
1371,2017-10-02,2017,10,October,4,2017-10
1372,2017-10-03,2017,10,October,4,2017-10
1373,2017-10-04,2017,10,October,4,2017-10
1374,2017-10-05,2017,10,October,4,2017-10
1375,2017-10-06,2017,10,October,4,2017-10
1376,2017-10-07,2017,10,October,4,2017-10
1377,2017-10-08,2017,10,October,4,2017-10
1378,2017-10-09,2017,10,October,4,2017-10
1379,2017-10-10,2017,10,October,4,2017-10
1380,2017-10-11,2017,10,October,4,2017-10
1381,2017-10-12,2017,10,October,4,2017-10
1382,2017-10-13,2017,10,October,4,2017-10
1383,2017-10-14,2017,10,October,4,2017-10
1384,2017-10-15,2017,10,October,4,2017-10
1385,2017-10-16,2017,10,October,4,2017-10
1386,2017-10-17,2017,10,October,4,2017-10
1387,2017-10-18,2017,10,October,4,2017-10
1388,2017-10-19,2017,10,October,4,2017-10
1389,2017-10-20,2017,10,October,4,2017-10
1390,2017-10-21,2017,10,October,4,2017-10
1391,2017-10-22,2017,10,October,4,2017-10
1392,2017-10-23,2017,10,October,4,2017-10
1393,2017-10-24,2017,10,October,4,2017-10
1394,2017-10-25,2017,10,October,4,2017-10
1395,2017-10-26,2017,10,October,4,2017-10
1396,2017-10-27,2017,10,October,4,2017-10
1397,2017-10-28,2017,10,October,4,2017-10
1398,2017-10-29,2017,10,October,4,2017-10
1399,2017-10-30,2017,10,October,4,2017-10
1400,2017-10-31,2017,10,October,4,2017-10
1401,2017-11-01,2017,11,November,4,2017-11
1402,2017-11-02,2017,11,November,4,2017-11
1403,2017-11-03,2017,11,November,4,2017-11
1404,2017-11-04,2017,11,November,4,2017-11
1405,2017-11-05,2017,11,November,4,2017-11
1406,2017-11-06,2017,11,November,4,2017-11
1407,2017-11-07,2017,11,November,4,2017-11
1408,2017-11-08,2017,11,November,4,2017-11
1409,2017-11-09,2017,11,November,4,2017-11
1410,2017-11-10,2017,11,November,4,2017-11
1411,2017-11-11,2017,11,November,4,2017-11
1412,2017-11-12,2017,11,November,4,2017-11
1413,2017-11-13,2017,11,November,4,2017-11
1414,2017-11-14,2017,11,November,4,2017-11
1415,2017-11-15,2017,11,November,4,2017-11
1416,2017-11-16,2017,11,November,4,2017-11
1417,2017-11-17,2017,11,November,4,2017-11
1418,2017-11-18,2017,11,November,4,2017-11
1419,2017-11-19,2017,11,November,4,2017-11
1420,2017-11-20,2017,11,November,4,2017-11
1421,2017-11-21,2017,11,November,4,2017-11
1422,2017-11-22,2017,11,November,4,2017-11
1423,2017-11-23,2017,11,November,4,2017-11
1424,2017-11-24,2017,11,November,4,2017-11
1425,2017-11-25,2017,11,November,4,2017-11
1426,2017-11-26,2017,11,November,4,2017-11
1427,2017-11-27,2017,11,November,4,2017-11
1428,2017-11-28,2017,11,November,4,2017-11
1429,2017-11-29,2017,11,November,4,2017-11
1430,2017-11-30,2017,11,November,4,2017-11
1431,2017-12-01,2017,12,December,4,2017-12
1432,2017-12-02,2017,12,December,4,2017-12
1433,2017-12-03,2017,12,December,4,2017-12
1434,2017-12-04,2017,12,December,4,2017-12
1435,2017-12-05,2017,12,December,4,2017-12
1436,2017-12-06,2017,12,December,4,2017-12
1437,2017-12-07,2017,12,December,4,2017-12
1438,2017-12-08,2017,12,December,4,2017-12
1439,2017-12-09,2017,12,December,4,2017-12
1440,2017-12-10,2017,12,December,4,2017-12
1441,2017-12-11,2017,12,December,4,2017-12
1442,2017-12-12,2017,12,December,4,2017-12
1443,2017-12-13,2017,12,December,4,2017-12
1444,2017-12-14,2017,12,December,4,2017-12
1445,2017-12-15,2017,12,December,4,2017-12
1446,2017-12-16,2017,12,December,4,2017-12
1447,2017-12-17,2017,12,December,4,2017-12
1448,2017-12-18,2017,12,December,4,2017-12
1449,2017-12-19,2017,12,December,4,2017-12
1450,2017-12-20,2017,12,December,4,2017-12
1451,2017-12-21,2017,12,December,4,2017-12
1452,2017-12-22,2017,12,December,4,2017-12
1453,2017-12-23,2017,12,December,4,2017-12
1454,2017-12-24,2017,12,December,4,2017-12
1455,2017-12-25,2017,12,December,4,2017-12
1456,2017-12-26,2017,12,December,4,2017-12
1457,2017-12-27,2017,12,December,4,2017-12
1458,2017-12-28,2017,12,December,4,2017-12
1459,2017-12-29,2017,12,December,4,2017-12
1460,2017-12-30,2017,12,December,4,2017-12
1461,2017-12-31,2017,12,December,4,2017-12
1462,2018-01-01,2018,1,January,1,2018-01
1463,2018-01-02,2018,1,January,1,2018-01
1464,2018-01-03,2018,1,January,1,2018-01
1465,2018-01-04,2018,1,January,1,2018-01
1466,2018-01-05,2018,1,January,1,2018-01
1467,2018-01-06,2018,1,January,1,2018-01
1468,2018-01-07,2018,1,January,1,2018-01
1469,2018-01-08,2018,1,January,1,2018-01
1470,2018-01-09,2018,1,January,1,2018-01
1471,2018-01-10,2018,1,January,1,2018-01
1472,2018-01-11,2018,1,January,1,2018-01
1473,2018-01-12,2018,1,January,1,2018-01
1474,2018-01-13,2018,1,January,1,2018-01
1475,2018-01-14,2018,1,January,1,2018-01
1476,2018-01-15,2018,1,January,1,2018-01
1477,2018-01-16,2018,1,January,1,2018-01
1478,2018-01-17,2018,1,January,1,2018-01
1479,2018-01-18,2018,1,January,1,2018-01
1480,2018-01-19,2018,1,January,1,2018-01
1481,2018-01-20,2018,1,January,1,2018-01
1482,2018-01-21,2018,1,January,1,2018-01
1483,2018-01-22,2018,1,January,1,2018-01
1484,2018-01-23,2018,1,January,1,2018-01
1485,2018-01-24,2018,1,January,1,2018-01
1486,2018-01-25,2018,1,January,1,2018-01
1487,2018-01-26,2018,1,January,1,2018-01
1488,2018-01-27,2018,1,January,1,2018-01
1489,2018-01-28,2018,1,January,1,2018-01
1490,2018-01-29,2018,1,January,1,2018-01
1491,2018-01-30,2018,1,January,1,2018-01
1492,2018-01-31,2018,1,January,1,2018-01
1493,2018-02-01,2018,2,February,1,2018-02
1494,2018-02-02,2018,2,February,1,2018-02
1495,2018-02-03,2018,2,February,1,2018-02
1496,2018-02-04,2018,2,February,1,2018-02
1497,2018-02-05,2018,2,February,1,2018-02
1498,2018-02-06,2018,2,February,1,2018-02
1499,2018-02-07,2018,2,February,1,2018-02
1500,2018-02-08,2018,2,February,1,2018-02
1501,2018-02-09,2018,2,February,1,2018-02
1502,2018-02-10,2018,2,February,1,2018-02
1503,2018-02-11,2018,2,February,1,2018-02
1504,2018-02-12,2018,2,February,1,2018-02
1505,2018-02-13,2018,2,February,1,2018-02
1506,2018-02-14,2018,2,February,1,2018-02
1507,2018-02-15,2018,2,February,1,2018-02
1508,2018-02-16,2018,2,February,1,2018-02
1509,2018-02-17,2018,2,February,1,2018-02
1510,2018-02-18,2018,2,February,1,2018-02
1511,2018-02-19,2018,2,February,1,2018-02
1512,2018-02-20,2018,2,February,1,2018-02
1513,2018-02-21,2018,2,February,1,2018-02
1514,2018-02-22,2018,2,February,1,2018-02
1515,2018-02-23,2018,2,February,1,2018-02
1516,2018-02-24,2018,2,February,1,2018-02
1517,2018-02-25,2018,2,February,1,2018-02
1518,2018-02-26,2018,2,February,1,2018-02
1519,2018-02-27,2018,2,February,1,2018-02
1520,2018-02-28,2018,2,February,1,2018-02
